rank,category,name,price,location,rating,sold
0,kemeja,KEMEJA PRIA  POLOS LENGAN PANJANG  SLIMFIT BERBAGAI WARNA,Rp20.397,Kab. Pekalongan,4.0,34.3K sold
1,kemeja,PALING MURAH Bisa COD Kemeja Lengan Panjang Polos Distro Terbaru Terlaris Dan Kekinian,Rp22.090,Kab. Pemalang,4.0,18.4K sold
2,kemeja,KEMEJA LINEN / KEMEJA LINEN OVERSIZE SHIRT / OVERSIZE KEMEJA POLOS SHIRT / POLOS KEMEJA WANITA TERBARU KEKINIAN / KEMEJA WANITA / BAJU ATASAN WANITA TERBARU / KEMEJA ATASAN TERBARU,Rp39.010,Kab. Pekalongan,4.0,66.1K sold
3,kemeja,TERMURAH⚡KEMEJA FLANEL KOTAK - KOTAK LENGAN PANJANG PREMIUM QUALITY DEWASA UNISEX ( PRIA & WANITA ) CASUAL FORMAL STYLE UK M L XL,Rp25.000,Kab. Pemalang,4.0,690 sold
4,kemeja,kemeja cowok polos pria lengan panjang slimfit hem pria kantor hitam navy putih maron army,Rp19.500,Kab. Pemalang,4.0,590 sold
5,kemeja,KEMEJA PRIA POLOS LENGAN PANJANG WARNA PUTIH KANCING PUTIH DAN WARNA LAIN-LAINNYA,Rp19.500,Kab. Pekalongan,4.0,6.2K sold
6,kemeja,Kemeja Pria Lengan Panjang | Kemeja Flanel Pria Wanita Oversize  Kemeja Planel Pria Baju kemeja Pria Lengan Panjang  Flannel Pria,Rp18.500,Kab. Pekalongan,4.0,1.1K sold
7,kemeja,kemeja hitam pria polos terbaru tahun 2024,Rp19.999,Kab. Pemalang,4.0,171 sold
8,kemeja,KEMEJA DISTRO PRIA DEWASA LENGAN PANJANG KEMEJA POLOS PRIA PREMIUM TERBARU TERMURAH,Rp26.300,Kab. Pemalang,4.0,3.1K sold
9,kemeja,Kemeja Pria Motif Pantai Terbaru Terlaris Kemeja Hawai Lengan Pendek Banyak Pilihan Motif,Rp16.862,Kab. Pemalang,4.0,1.6K sold
10,kemeja,KEMEJA PRIA BOYI TOP MAN PIETER LENGAN PANJANG CASUAL FORMAL OXFORD FLANEL,Rp27.900,Kab. Pekalongan,4.0,119.6K sold
11,kemeja,Kemeja pria lengan pendek premium distro motif polos baju kerja casual,Rp25.506,Kab. Pekalongan,4.0,41.5K sold
12,kemeja,KEMEJA LENGAN PANJANG SLIMFIT REGULER KEKINIAN KEMEJA KERJA PUTIH,Rp25.000,Kota Pekalongan,4.0,20.2K sold
13,kemeja,Baju Kemeja Polos Pria Lengan Panjang Jumbo Slimfit Casual Premium Distro Atasan Hem Cowok Laki Hitam Putih,Rp22.800,Kab. Pemalang,4.0,11.4K sold
14,kemeja,kemeja polos pria warna tosca sage green lengan panjang jumbo bigsize M-XXXL FORMAL NON FORMAL CASUAL kemeja sage green 2024 baju kemeja sage green pria laki-laki murah,Rp26.300,Kab. Pemalang,4.0,48.3K sold
15,kemeja,( Beli 2 Bayar 55rb ) Kemeja Polos Pria Wanita Dewasa Denim Soft Blue Lengan Panjang TerMurah Best Seller,Rp26.726,Kab. Pemalang,4.0,3.4K sold
16,kemeja,Kemeja Putih Polos Pria Dewasa Lengan Pendek Terbaru,Rp21.161,Kab. Pemalang,4.0,8.6K sold
17,kemeja,"KEMEJA MOTIF PANTAI PRIA LENGAN PENDEK,HEM SURFING PRIA DAN WANITA,KEMEJA PANTAI",Rp20.000,Kab. Pemalang,4.0,26.5K sold
18,kemeja,Kemeja Polos Marun / Merah Marun / Maroon / Maron Pria Lengan Panjang Kasual / Kantoran / Kuliah Katun BEST QUALITY,Rp28.500,Kab. Cirebon,4.0,2.8K sold
19,kemeja,kemeja pria terbaru 2023 cowok gatlemen cowok biru navy dongker polos formal kantor kasual high quality,Rp22.500,Kab. Pemalang,4.0,1.2K sold
20,kemeja,Kemeja distro lengan panjang Kemeja Premium Lengan Panjang Kemeja Polos Lengan Panjang Kemeja Premium Polos Lengan Panjang Kemeja Distro Polos Lengan Panjang,Rp19.500,Kab. Pekalongan,4.0,218 sold
21,kemeja,Paket Hemat 50 ribu Dapat 2 pcs KEMEJA Polos Lengan Pendek Pria,Rp20.584,Kab. Pemalang,4.0,10.2K sold
22,kemeja,COD Kemeja Cowok Polos Lengan Panjang Terbaru 2024 Warna Hitam,Rp26.098,Kab. Pemalang,4.0,194 sold
23,kemeja,kemeja lengan panjang crinkle ootd korea style terlaris,Rp22.738,Kab. Cirebon,4.0,30.0K sold
24,kemeja,PROMO GEDE GEDEAN AKHIR BULAN kemeja pria lengan panjang  pendek premium distro baju motif surfing flanel polos casual kasual salur bunga,Rp19.090,Kota Pekalongan,4.0,100.6K sold
25,kemeja,kemeja batik pria lengan pendek baju hem batik murah kekinian batik kantor pria  kemeja batik Keris merah terbaru formal 2024,Rp22.712,Kota Pekalongan,4.0,3.8K sold
26,kemeja,Baju Kemeja Wanita Dewasa Polos Lengan Panjang Kerja Kantoran BAHAN RAYON PREMIUM TWIS CONE,Rp21.560,Kab. Cirebon,4.0,1.6K sold
27,kemeja,KEMEJA PREMIUM wanita lengan panjang model terbaru kekinian,Rp18.137,Kab. Cirebon,4.0,18.1K sold
28,kemeja,Kemeja pria terbaru 2023 Polos lengan panjang distro kekinian 17 warna Hitam ukuran S M L XL XXL 3XL,Rp28.000,Kab. Pemalang,4.0,844 sold
29,kemeja,kemeja pria lengan panjang premium distro baju motif surfing flanel polos formal casual kasual,Rp22.410,Kab. Pekalongan,4.0,19.7K sold
30,kemeja,Kemeja Polos Pria Lengan Panjang FORMAL NON FORMAL CASUAL Baju Kemeja Pria Laki-Laki Murah,Rp26.900,Kab. Pekalongan,4.0,4.3K sold
31,kemeja,KEMEJA PRIA PUTIH LENGAN PANJANG KEMEJA POLOS KEMEJA WARNA  PUTIH KATUN SLIMFIT CASUAL DISTRO,Rp25.701,Kab. Pemalang,4.0,1.8K sold
32,kemeja,Kemeja pria polos warna baru lengan pendek terlengkap 2024 ukuran M L XL XXL XXXL,Rp18.900,Kab. Pemalang,4.0,863 sold
33,kemeja,KEMEJA BAJU FLANEL IMPOR LENGAN PANJANG PRIA  TERBARU,Rp46.650,Kab. Pekalongan,4.0,28.7K sold
34,kemeja,GENK...!!! KEMEJA POLOS PRIA LENGAN PANJANG,Rp21.857,Kab. Pemalang,4.0,4.0K sold
35,kemeja,Kemeja Batik SAHRUL COLLECTION Motif Draken Lengan Pendek Batik Pekalongan Kemeja Batik Pria - Batik Pria - Baju Batik Pria - Hem Batik Pekalongan Motif Terbaru Best Seller MURAH MERAI BERKUALITAS,Rp23.600,Kab. Pekalongan,5.0,25 sold
36,kemeja,Kemeja Full Katun Kemeja Vintage Motif Abstrak Kemeja Dewasa Kasual,Rp13.900,Kab. Pemalang,5.0,48 sold
37,kemeja,Kemeja Distro Terbaru Hem Motif Surfing Pria Lengan Pendek dewasa Terlaris Model Kasual Pantai,Rp12.500,Kab. Pemalang,4.0,69 sold
38,kemeja,R-ONE CANVANY baju kemeja pria alisan lengan panjang / baju koko model alisan / kemeja polos lengan panjang / kemeja formal terbaru / baju pria dewasa / baju berkualitas / atasan pria / kmja casual,Rp29.984,Kab. Pekalongan,4.0,1.4K sold
39,kemeja,baju kemeja cowok flanel pria lengan panjang,Rp52.256,Kab. Pekalongan,4.0,14.4K sold
